{
  "stringWeight": 0,
  "totalDepth": 69349,
  "bitDepth": 492.9440002441406,
  "lastBlockPosition": 13599.865234375
}